#filename,file_size,file_attributes,region_count,region_id,region_shape_attributes,region_attributes
dosa (1).jpeg,67603,"{}",1,0,"{""name"":""polygon"",""all_points_x"":[1,630,691,727,723,706,586,526,504,482,468,467,467,467,467,467,472,470,391,303,57,38,27,27,30,52,35,2,1],""all_points_y"":[346,10,37,94,153,219,298,308,316,331,347,347,347,347,347,349,371,389,435,453,573,567,552,504,490,490,451,456,346]}","{""class"":""dosa""}"
dosa (2).png,3018389,"{}",1,0,"{""name"":""polygon"",""all_points_x"":[1160,674,151,61,314,417,757,966,1531,1387,1235,1215,1160],""all_points_y"":[2,253,390,513,694,777,894,897,131,87,74,13,2]}","{""class"":""dosa""}"
dosa (3).jpg,146253,"{}",1,0,"{""name"":""polygon"",""all_points_x"":[179,929,968,951,910,859,2,2,140,160,179],""all_points_y"":[670,244,133,70,19,0,428,646,639,685,670]}","{""class"":""dosa""}"
dosa (4).jpg,90611,"{}",1,0,"{""name"":""polygon"",""all_points_x"":[158,207,276,318,791,768,705,630,158],""all_points_y"":[121,65,39,42,526,542,544,607,121]}","{""class"":""dosa""}"
dosa (5).jpg,20952,"{}",1,0,"{""name"":""polygon"",""all_points_x"":[46,147,578,474,46],""all_points_y"":[188,264,101,51,188]}","{""class"":""dosa""}"
dosa (6).jpg,40417,"{}",2,0,"{""name"":""polygon"",""all_points_x"":[43,25,12,7,7,21,42,101,137,189,256,314,380,413,430,43],""all_points_y"":[104,122,148,178,206,258,291,331,342,361,372,364,323,289,260,104]}","{""class"":""dosa""}"
dosa (6).jpg,40417,"{}",2,1,"{""name"":""polygon"",""all_points_x"":[132,132,149,440,498,497,454,354,282,132],""all_points_y"":[135,120,134,219,224,280,325,366,371,135]}","{""class"":""dosa""}"
dosa (7).jpg,188925,"{}",1,0,"{""name"":""polygon"",""all_points_x"":[24,37,120,251,364,464,549,580,567,532,449,310,183,24],""all_points_y"":[225,846,872,872,839,769,656,599,508,414,347,270,225,225]}","{""class"":""dosa""}"
dosa (8).jpg,223324,"{}",1,0,"{""name"":""polygon"",""all_points_x"":[1150,1064,1039,883,798,677,617,617,662,702,736,751,719,709,776,858,1029,1227,1346,1490,1907,1939,1934,1669,1150],""all_points_y"":[79,117,159,181,243,389,479,565,578,605,645,699,771,841,917,969,1029,1074,1074,1059,957,912,860,541,79]}","{""class"":""dosa""}"
dosa (9).jpg,118115,"{}",1,0,"{""name"":""polygon"",""all_points_x"":[370,35,141,307,413,553,600,605,556,438,370],""all_points_y"":[145,821,865,861,816,701,553,406,277,159,145]}","{""class"":""dosa""}"
dosa (10).jpg,71874,"{}",1,0,"{""name"":""polygon"",""all_points_x"":[347,14,9,8,8,24,57,93,137,498,497,478,453,392,379,365,347],""all_points_y"":[175,453,470,483,508,542,566,577,577,261,248,244,231,206,211,182,175]}","{""class"":""dosa""}"
dosa (11).jpg,255701,"{}",2,0,"{""name"":""polygon"",""all_points_x"":[616,692,758,951,1361,1309,1162,1055,946,872,820,616,616],""all_points_y"":[73,21,0,0,852,888,883,846,862,899,846,57,73]}","{""class"":""dosa""}"
dosa (11).jpg,255701,"{}",2,1,"{""name"":""polygon"",""all_points_x"":[212,413,575,669,724,763,825,867,951,1058,1162,1319,1361,1262,1617,1489,1275,750,26,13,55,212],""all_points_y"":[342,449,504,609,674,690,844,904,870,852,878,883,846,643,705,985,1000,891,669,528,410,342]}","{""class"":""dosa""}"
dosa (12).jpg,1746955,"{}",2,0,"{""name"":""polygon"",""all_points_x"":[1590,1412,240,897,1590],""all_points_y"":[36,2434,2434,0,36]}","{""class"":""dosa""}"
dosa (12).jpg,1746955,"{}",2,1,"{""name"":""polygon"",""all_points_x"":[560,9,0,240,888,560],""all_points_y"":[0,711,2434,2425,18,0]}","{""class"":""dosa""}"
dosa (13).jpg,121159,"{}",2,0,"{""name"":""polygon"",""all_points_x"":[85,486,510,536,556,551,525,488,401,334,264,214,155,116,85],""all_points_y"":[357,704,682,652,571,519,469,425,342,283,251,257,275,320,357]}","{""class"":""dosa""}"
dosa (13).jpg,121159,"{}",2,1,"{""name"":""polygon"",""all_points_x"":[436,408,349,262,198,124,72,28,2,4,74,436],""all_points_y"":[669,722,761,787,780,759,728,676,634,429,357,669]}","{""class"":""dosa""}"
dosa (14).jpg,95522,"{}",1,0,"{""name"":""polygon"",""all_points_x"":[132,119,237,271,405,483,501,472,320,223,144,132],""all_points_y"":[93,128,209,203,284,227,117,103,117,116,93,93]}","{""class"":""dosa""}"
dosa (15).jpg,197672,"{}",1,0,"{""name"":""polygon"",""all_points_x"":[981,1196,1196,84,15,0,0,136,299,395,456,554,607,621,641,743,981],""all_points_y"":[781,592,293,58,183,308,389,548,604,569,557,566,604,647,667,763,781]}","{""class"":""dosa""}"
dosa (16).jpg,227063,"{}",1,0,"{""name"":""polygon"",""all_points_x"":[63,1197,1195,1169,2,7,63],""all_points_y"":[444,418,276,231,292,387,444]}","{""class"":""dosa""}"
dosa (17).jpg,156266,"{}",1,0,"{""name"":""polygon"",""all_points_x"":[449,1762,1746,1714,346,342,370,449],""all_points_y"":[835,1193,1547,1563,1126,1002,927,835]}","{""class"":""dosa""}"
dosa (18).jpg,119483,"{}",2,0,"{""name"":""polygon"",""all_points_x"":[152,184,236,260,245,1,0,152],""all_points_y"":[348,333,311,264,241,135,259,348]}","{""class"":""dosa""}"
dosa (18).jpg,119483,"{}",2,1,"{""name"":""polygon"",""all_points_x"":[273,307,309,292,265,235,212,60,39,4,4,240,273],""all_points_y"":[229,204,172,145,132,136,136,44,67,87,133,239,229]}","{""class"":""dosa""}"
dosa (19).jpg,75386,"{}",2,0,"{""name"":""polygon"",""all_points_x"":[106,147,215,308,444,504,469,441,318,314,270,214,154,106],""all_points_y"":[225,151,111,93,165,216,344,360,341,300,257,246,254,225]}","{""class"":""dosa""}"
dosa (19).jpg,75386,"{}",2,1,"{""name"":""polygon"",""all_points_x"":[496,534,624,625,600,621,577,522,439,364,248,307,371,415,491,509,496],""all_points_y"":[304,320,258,249,248,191,121,81,68,64,92,91,110,138,194,235,304]}","{""class"":""dosa""}"
dosa (20).jpg,270264,"{}",2,0,"{""name"":""polygon"",""all_points_x"":[353,231,159,126,189,386,567,755,936,1150,1213,353],""all_points_y"":[483,642,818,974,1167,1322,1410,1452,1423,1251,1104,483]}","{""class"":""dosa""}"
dosa (20).jpg,270264,"{}",2,1,"{""name"":""polygon"",""all_points_x"":[546,470,411,1238,1293,1293,546],""all_points_y"":[298,407,516,1133,1112,823,298]}","{""class"":""dosa""}"
dosa (21).jpg,777144,"{}",1,0,"{""name"":""polygon"",""all_points_x"":[703,305,288,346,427,506,535,546,799,959,1075,1136,1127,1075,724,703],""all_points_y"":[44,680,773,790,819,869,907,921,962,947,898,837,747,668,49,44]}","{""class"":""dosa""}"
dosa (22).jpg,119894,"{}",1,0,"{""name"":""polygon"",""all_points_x"":[1118,1428,1595,1595,246,167,121,105,87,103,154,172,244,292,331,436,523,569,577,636,733,821,841,836,903,1005,1097,1118,1118],""all_points_y"":[854,990,954,600,156,182,218,256,318,387,441,462,454,446,446,467,497,523,559,556,572,605,628,669,672,690,718,756,854]}","{""class"":""dosa""}"
dosa (23).jpg,146542,"{}",1,0,"{""name"":""polygon"",""all_points_x"":[0,1952,2155,2242,2245,1574,631,352,4,0],""all_points_y"":[1270,1444,1125,867,562,533,508,515,638,1270]}","{""class"":""dosa""}"
dosa (24).jpg,261594,"{}",1,0,"{""name"":""polygon"",""all_points_x"":[180,111,126,142,196,240,1140,1346,1535,1702,1807,1933,2587,2666,2669,2543,2410,180],""all_points_y"":[606,720,828,932,1052,1178,957,1004,951,878,875,755,597,471,385,294,294,606]}","{""class"":""dosa""}"
dosa (25).jpg,80773,"{}",1,0,"{""name"":""polygon"",""all_points_x"":[79,121,184,267,332,399,468,513,545,564,556,527,476,443,248,79],""all_points_y"":[463,487,497,503,484,457,404,355,295,223,161,101,28,0,1,463]}","{""class"":""dosa""}"
dosa (26).jpg,131259,"{}",2,0,"{""name"":""polygon"",""all_points_x"":[445,97,240,390,557,636,576,501,445],""all_points_y"":[172,818,871,852,755,559,331,215,172]}","{""class"":""dosa""}"
dosa (26).jpg,131259,"{}",2,1,"{""name"":""polygon"",""all_points_x"":[324,196,196,186,143,123,5,19,51,109,414,370,324],""all_points_y"":[114,416,443,469,542,549,765,777,791,786,227,133,114]}","{""class"":""dosa""}"
dosa (27).jpg,87815,"{}",1,0,"{""name"":""polygon"",""all_points_x"":[163,160,181,387,396,356,380,535,625,635,536,579,559,368,163],""all_points_y"":[3,53,93,237,260,319,341,396,369,243,205,180,139,0,3]}","{""class"":""dosa""}"
dosa (28).jpg,138089,"{}",1,0,"{""name"":""polygon"",""all_points_x"":[30,452,289,186,29,30],""all_points_y"":[240,251,567,479,252,240]}","{""class"":""dosa""}"
dosa (29).jpg,63179,"{}",2,0,"{""name"":""polygon"",""all_points_x"":[139,369,400,441,267,148,139],""all_points_y"":[272,81,83,131,311,309,272]}","{""class"":""dosa""}"
dosa (29).jpg,63179,"{}",2,1,"{""name"":""polygon"",""all_points_x"":[72,293,361,388,133,72,72],""all_points_y"":[245,1,1,55,277,257,245]}","{""class"":""dosa""}"
dosa (30).jpg,590225,"{}",2,0,"{""name"":""polygon"",""all_points_x"":[0,8,43,72,103,149,198,244,296,340,397,461,507,546,589,597,592,0],""all_points_y"":[247,334,399,435,459,484,505,512,512,513,507,486,458,425,361,337,214,247]}","{""class"":""dosa""}"
dosa (30).jpg,590225,"{}",2,1,"{""name"":""polygon"",""all_points_x"":[0,69,129,193,324,453,551,551,557,566,3,0],""all_points_y"":[162,162,165,163,147,124,90,129,173,213,247,162]}","{""class"":""dosa""}"
dosa (31).jpg,37238,"{}",3,0,"{""name"":""polygon"",""all_points_x"":[323,51,101,204,313,377,429,432,404,364,323],""all_points_y"":[11,451,476,473,444,387,296,185,92,16,11]}","{""class"":""dosa""}"
dosa (31).jpg,37238,"{}",3,1,"{""name"":""polygon"",""all_points_x"":[1,215,249,289,53,24,0,1],""all_points_y"":[361,0,0,53,437,416,412,361]}","{""class"":""dosa""}"
dosa (31).jpg,37238,"{}",3,2,"{""name"":""polygon"",""all_points_x"":[92,1,4,211,92],""all_points_y"":[0,149,348,5,0]}","{""class"":""dosa""}"
dosa (32).jpg,23821,"{}",1,0,"{""name"":""polygon"",""all_points_x"":[120,98,93,93,104,117,123,371,403,431,458,498,521,556,572,572,561,538,120],""all_points_y"":[208,225,248,272,312,342,345,244,237,236,233,218,188,176,144,113,82,71,208]}","{""class"":""dosa""}"
dosa (33).jpg,153520,"{}",1,0,"{""name"":""polygon"",""all_points_x"":[157,175,232,314,504,730,920,1138,1322,1427,1451,1382,157],""all_points_y"":[682,775,866,935,990,1011,999,941,845,736,594,359,682]}","{""class"":""dosa""}"
dosa (34).jpg,173637,"{}",1,0,"{""name"":""polygon"",""all_points_x"":[184,738,748,743,726,660,550,405,331,259,168,69,15,2,2,36,107,150,161,184],""all_points_y"":[148,397,420,468,509,565,618,632,634,623,608,560,499,458,357,310,265,227,163,148]}","{""class"":""dosa""}"
dosa (35).jpg,105109,"{}",1,0,"{""name"":""polygon"",""all_points_x"":[138,124,274,434,558,619,626,546,441,277,138],""all_points_y"":[94,858,861,825,687,570,410,251,171,101,94]}","{""class"":""dosa""}"
dosa (36).jpg,73336,"{}",2,0,"{""name"":""polygon"",""all_points_x"":[71,102,165,211,407,376,309,234,158,120,71],""all_points_y"":[376,345,316,309,675,697,731,608,501,446,376]}","{""class"":""dosa""}"
dosa (36).jpg,73336,"{}",2,1,"{""name"":""polygon"",""all_points_x"":[279,508,436,408,205,279],""all_points_y"":[234,615,681,675,301,234]}","{""class"":""dosa""}"
dosa (37).jpg,31274,"{}",1,0,"{""name"":""polygon"",""all_points_x"":[101,78,61,67,81,122,133,148,161,178,203,219,228,239,499,520,536,536,101],""all_points_y"":[17,29,48,76,101,112,109,107,107,108,116,121,134,145,228,198,170,127,17]}","{""class"":""dosa""}"
dosa (38).jpg,151008,"{}",1,0,"{""name"":""polygon"",""all_points_x"":[600,130,106,256,461,602,788,965,1364,1364,1223,1121,981,929,855,758,686,602,585,554,535,610,600],""all_points_y"":[156,375,401,565,632,663,693,699,558,277,190,151,125,186,249,296,292,303,292,290,256,152,156]}","{""class"":""dosa""}"
dosa (39).jpg,29641,"{}",1,0,"{""name"":""polygon"",""all_points_x"":[57,484,490,446,430,416,404,411,405,385,355,59,57],""all_points_y"":[71,55,69,153,156,168,184,202,214,254,268,80,71]}","{""class"":""dosa""}"
dosa (40).jpg,33362,"{}",1,0,"{""name"":""polygon"",""all_points_x"":[326,228,168,112,76,69,81,109,172,196,326],""all_points_y"":[1,372,354,302,236,167,90,49,14,2,1]}","{""class"":""dosa""}"
dosa (41).png,468136,"{}",1,0,"{""name"":""polygon"",""all_points_x"":[534,142,292,297,689,534],""all_points_y"":[178,536,628,625,211,178]}","{""class"":""dosa""}"
dosa (42).jpg,57938,"{}",1,0,"{""name"":""polygon"",""all_points_x"":[2,71,637,639,532,520,499,470,420,383,353,338,337,143,142,147,132,109,73,50,0,2],""all_points_y"":[30,40,35,174,183,167,152,138,135,138,162,188,201,205,194,175,162,155,156,171,161,30]}","{""class"":""dosa""}"
idly (1).jpg,64582,"{}",1,0,"{""name"":""ellipse"",""cx"":227,""cy"":223,""rx"":216,""ry"":171}","{""class"":""idly""}"
idly (2).png,153231,"{}",1,0,"{""name"":""ellipse"",""cx"":219,""cy"":124,""rx"":124,""ry"":84}","{""class"":""idly""}"
idly (3).jpg,210994,"{}",1,0,"{""name"":""polygon"",""all_points_x"":[599,525,511,520,532,512,504,452,439,461,579,657,672,735,737,759,739,729,724,692,599],""all_points_y"":[9,60,109,163,199,236,273,320,381,451,488,432,395,337,268,219,141,132,76,41,9]}","{""class"":""idly""}"
idly (4).jpg,190754,"{}",4,0,"{""name"":""polygon"",""all_points_x"":[788,732,709,699,699,724,774,881,972,1030,1092,1148,1156,1156,1144,1105,1094,1061,982,920,871,840,788],""all_points_y"":[267,306,337,381,441,494,556,631,656,645,612,567,511,472,410,379,370,335,298,267,254,254,267]}","{""class"":""idly""}"
idly (4).jpg,190754,"{}",4,1,"{""name"":""polygon"",""all_points_x"":[712,623,581,513,474,461,461,490,552,658,772,898,751,697,703,728,712],""all_points_y"":[298,275,290,333,372,424,472,548,625,685,703,643,532,445,335,314,298]}","{""class"":""idly""}"
idly (4).jpg,190754,"{}",4,2,"{""name"":""polygon"",""all_points_x"":[534,532,478,463,472,544,583,509,439,325,259,230,246,319,420,496,534],""all_points_y"":[304,319,372,426,503,614,649,668,672,631,548,424,308,261,250,269,304]}","{""class"":""idly""}"
idly (4).jpg,190754,"{}",4,3,"{""name"":""polygon"",""all_points_x"":[356,230,159,70,37,23,21,91,194,273,225,246,312,424,445,356],""all_points_y"":[211,186,180,225,265,327,405,492,552,575,424,308,261,246,246,211]}","{""class"":""idly""}"
idly (5).jpg,16969,"{}",1,0,"{""name"":""circle"",""cx"":177,""cy"":166,""r"":48}","{""class"":""idly""}"
idly (6).jpg,76485,"{}",1,0,"{""name"":""ellipse"",""cx"":416,""cy"":326,""rx"":196,""ry"":104}","{""class"":""idlly""}"
idly (7).jpg,53560,"{}",1,0,"{""name"":""ellipse"",""cx"":247,""cy"":182,""rx"":145,""ry"":139}","{""class"":""idly""}"
idly (8).jpg,61570,"{}",5,0,"{""name"":""ellipse"",""cx"":236,""cy"":366,""rx"":129,""ry"":84}","{""class"":""idly""}"
idly (8).jpg,61570,"{}",5,1,"{""name"":""ellipse"",""cx"":504,""cy"":398,""rx"":132,""ry"":80}","{""class"":""idly""}"
idly (8).jpg,61570,"{}",5,2,"{""name"":""polygon"",""all_points_x"":[255,211,160,120,99,92,92,123,177,205,255,260,240,235,232,244,255],""all_points_y"":[127,101,103,116,131,164,195,240,268,277,268,265,231,205,164,143,127]}","{""class"":""idly""}"
idly (8).jpg,61570,"{}",5,3,"{""name"":""polygon"",""all_points_x"":[252,267,283,315,340,371,396,431,437,421,397,352,308,265,253,251,252],""all_points_y"":[67,39,35,17,15,16,28,53,69,69,69,76,93,115,127,108,67]}","{""class"":""idly""}"
idly (8).jpg,61570,"{}",5,4,"{""name"":""polygon"",""all_points_x"":[577,611,635,656,676,699,727,737,739,732,687,625,609,567,543,527,541,553,564,577],""all_points_y"":[187,172,169,169,175,179,196,217,247,276,331,348,347,323,311,291,283,259,240,187]}","{""class"":""idly""}"
idly (9).jpg,76076,"{}",2,0,"{""name"":""circle"",""cx"":64,""cy"":223,""r"":80}","{""class"":""idly""}"
idly (9).jpg,76076,"{}",2,1,"{""name"":""circle"",""cx"":120,""cy"":348,""r"":80}","{""class"":""idly""}"
idly (10).jpg,1174642,"{}",1,0,"{""name"":""polygon"",""all_points_x"":[528,441,350,276,219,202,209,236,276,242,205,192,242,286,370,407,394,394,471,565,636,717,767,845,909,962,1023,1077,1114,1114,1090,1043,999,996,979,939,888,841,834,791,723,676,629,602,666,673,643,592,565,545,528],""all_points_y"":[427,414,427,464,491,518,565,633,676,734,767,824,898,956,976,976,1030,1077,1151,1174,1161,1144,1178,1208,1211,1195,1171,1121,1070,1026,935,858,821,787,771,781,774,784,747,747,747,747,697,690,643,616,572,525,468,417,427]}","{""class"":""idly""}"
idly (11).jpg,28423,"{}",4,0,"{""name"":""ellipse"",""cx"":173,""cy"":349,""rx"":48,""ry"":45}","{""class"":""idly""}"
idly (11).jpg,28423,"{}",4,1,"{""name"":""ellipse"",""cx"":196,""cy"":280,""rx"":42,""ry"":39}","{""class"":""idly""}"
idly (11).jpg,28423,"{}",4,2,"{""name"":""polygon"",""all_points_x"":[137,121,104,89,77,74,83,107,125,126,129,144,157,154,151,137],""all_points_y"":[276,275,280,291,309,324,346,365,366,348,331,311,305,290,280,276]}","{""class"":""idly""}"
idly (11).jpg,28423,"{}",4,3,"{""name"":""polygon"",""all_points_x"":[110,96,86,71,58,52,42,40,39,45,58,71,76,91,107,121,131,126,110],""all_points_y"":[243,235,235,237,240,251,259,272,286,298,312,321,313,289,275,276,274,258,243]}","{""class"":""idly""}"
idly (12).jpg,96980,"{}",4,0,"{""name"":""circle"",""cx"":961,""cy"":317,""r"":166}","{""class"":""idly""}"
idly (12).jpg,96980,"{}",4,1,"{""name"":""circle"",""cx"":721,""cy"":204,""r"":162}","{""class"":""idly""}"
idly (12).jpg,96980,"{}",4,2,"{""name"":""circle"",""cx"":571,""cy"":449,""r"":158}","{""class"":""idly""}"
idly (12).jpg,96980,"{}",4,3,"{""name"":""circle"",""cx"":820,""cy"":536,""r"":168}","{""class"":""idly""}"
idly (13).jpg,78104,"{}",4,0,"{""name"":""circle"",""cx"":327,""cy"":441,""r"":84}","{""class"":""idly""}"
idly (13).jpg,78104,"{}",4,1,"{""name"":""circle"",""cx"":192,""cy"":456,""r"":78}","{""class"":""idly""}"
idly (13).jpg,78104,"{}",4,2,"{""name"":""circle"",""cx"":306,""cy"":318,""r"":72}","{""class"":""idly""}"
idly (13).jpg,78104,"{}",4,3,"{""name"":""circle"",""cx"":176,""cy"":324,""r"":75}","{""class"":""idly""}"
idly (14).jpg,21290,"{}",5,0,"{""name"":""ellipse"",""cx"":295,""cy"":207,""rx"":77,""ry"":50}","{""class"":""idly""}"
idly (14).jpg,21290,"{}",5,1,"{""name"":""ellipse"",""cx"":145,""cy"":165,""rx"":77,""ry"":48}","{""class"":""idly""}"
idly (14).jpg,21290,"{}",5,2,"{""name"":""ellipse"",""cx"":456,""cy"":171,""rx"":79,""ry"":45}","{""class"":""idly""}"
idly (14).jpg,21290,"{}",5,3,"{""name"":""polygon"",""all_points_x"":[158,132,111,88,79,76,76,83,99,121,140,169,187,187,189,191,197,158],""all_points_y"":[47,47,48,55,64,75,84,99,109,117,119,119,115,101,85,70,63,47]}","{""class"":""idly""}"
idly (14).jpg,21290,"{}",5,4,"{""name"":""polygon"",""all_points_x"":[383,402,416,439,457,479,497,500,497,481,458,422,410,385,387,389,383],""all_points_y"":[65,61,59,59,66,77,94,105,116,129,126,130,131,120,92,77,65]}","{""class"":""idly""}"
idly (15).jpg,32389,"{}",1,0,"{""name"":""polygon"",""all_points_x"":[154,120,98,96,98,81,81,99,85,123,394,425,426,399,356,322,321,299,251,241,196,154],""all_points_y"":[15,35,59,87,113,133,155,188,236,276,277,245,214,182,158,158,133,93,81,43,18,15]}","{""class"":""idly""}"
idly (16).jpg,23629,"{}",2,0,"{""name"":""polygon"",""all_points_x"":[347,310,291,278,284,307,329,337,337,329,329,364,397,433,481,521,549,562,571,568,559,530,490,451,411,347],""all_points_y"":[158,183,210,239,248,263,284,304,324,360,372,383,388,388,389,373,342,306,265,232,208,186,162,153,148,158]}","{""class"":""idly""}"
idly (16).jpg,23629,"{}",2,1,"{""name"":""polygon"",""all_points_x"":[383,413,438,462,499,523,554,570,579,570,576,568,560,540,510,475,436,391,363,335,319,309,302,301,307,339,363,383],""all_points_y"":[21,14,14,17,32,47,77,110,145,147,169,174,207,196,173,156,151,150,155,163,177,157,136,105,77,46,27,21]}","{""class"":""idly""}"
idly (17).jpg,61415,"{}",3,0,"{""name"":""ellipse"",""cx"":337,""cy"":485,""rx"":114,""ry"":109}","{""class"":""idly""}"
idly (17).jpg,61415,"{}",3,1,"{""name"":""ellipse"",""cx"":134,""cy"":468,""rx"":123,""ry"":125}","{""class"":""idly""}"
idly (17).jpg,61415,"{}",3,2,"{""name"":""ellipse"",""cx"":281,""cy"":314,""rx"":111,""ry"":87}","{""class"":""idly""}"
idly (18).jpg,140616,"{}",1,0,"{""name"":""polygon"",""all_points_x"":[329,306,322,389,492,570,569,607,644,672,697,681,643,666,653,563,579,422,386,376,405,441,453,461,492,461,437,406,385,390,329],""all_points_y"":[386,444,505,573,573,493,461,446,409,363,296,229,203,144,94,45,4,3,32,58,93,125,170,193,213,226,242,267,327,348,386]}","{""class"":""idly""}"
idly (19).jpg,98263,"{}",1,0,"{""name"":""polygon"",""all_points_x"":[4,31,66,132,186,250,346,424,467,478,494,486,536,550,559,542,571,612,569,536,494,461,379,333,242,194,219,238,283,286,314,339,286,259,254,215,207,141,70,21,4,4],""all_points_y"":[677,718,749,763,749,699,724,708,670,627,569,528,509,467,377,362,345,232,145,108,103,52,6,4,31,75,105,132,197,234,259,261,319,391,422,451,461,443,467,497,532,677]}","{""class"":""idly""}"
idly (20).jpg,171662,"{}",3,0,"{""name"":""ellipse"",""cx"":308,""cy"":348,""rx"":136,""ry"":124}","{""class"":""idly""}"
idly (20).jpg,171662,"{}",3,1,"{""name"":""ellipse"",""cx"":515,""cy"":413,""rx"":119,""ry"":113}","{""class"":""idly""}"
idly (20).jpg,171662,"{}",3,2,"{""name"":""ellipse"",""cx"":196,""cy"":198,""rx"":100,""ry"":98}","{""class"":""idly""}"
idly (21).jpg,61173,"{}",1,0,"{""name"":""polygon"",""all_points_x"":[100,54,15,0,1,28,67,116,126,157,199,263,324,341,401,449,494,513,531,514,470,412,359,317,299,228,197,158,100],""all_points_y"":[256,267,290,309,418,438,446,446,443,492,502,517,489,472,505,508,486,469,424,369,315,293,298,312,322,292,295,264,256]}","{""class"":""idly""}"
idly (22).jpg,219535,"{}",7,0,"{""name"":""ellipse"",""cx"":2153,""cy"":1958,""rx"":509,""ry"":509}","{""class"":""idly""}"
idly (22).jpg,219535,"{}",7,1,"{""name"":""ellipse"",""cx"":1313,""cy"":1909,""rx"":481,""ry"":495}","{""class"":""idly""}"
idly (22).jpg,219535,"{}",7,2,"{""name"":""polygon"",""all_points_x"":[911,775,610,517,517,545,732,854,925,1062,1313,1356,1291,954,911],""all_points_y"":[990,1040,1141,1284,1442,1650,1758,1808,1621,1485,1385,1334,1141,997,990]}","{""class"":""idly""}"
idly (22).jpg,219535,"{}",7,3,"{""name"":""polygon"",""all_points_x"":[1105,890,825,775,804,904,1033,1270,1299,1464,1600,1672,1586,1334,1105],""all_points_y"":[416,531,667,868,997,1004,1012,1141,1148,997,882,854,574,409,416]}","{""class"":""idly""}"
idly (22).jpg,219535,"{}",7,4,"{""name"":""polygon"",""all_points_x"":[1858,1693,1557,1557,1636,1664,1815,2038,2088,2217,2504,2368,2274,2167,1994,1858],""all_points_y"":[316,387,502,531,703,818,839,890,904,717,595,488,366,330,301,316]}","{""class"":""idly""}"
idly (22).jpg,219535,"{}",7,5,"{""name"":""polygon"",""all_points_x"":[2274,2246,2203,2267,2432,2590,2669,2662,2791,2920,3028,3157,3178,3157,3085,2992,2812,2647,2518,2310,2274],""all_points_y"":[1155,1284,1421,1464,1550,1708,1865,1994,1930,1930,1844,1686,1535,1377,1248,1134,1019,990,1019,1098,1155]}","{""class"":""idly""}"
idly (22).jpg,219535,"{}",7,6,"{""name"":""polygon"",""all_points_x"":[2963,2949,2784,2640,2490,2332,2217,2131,2102,2181,2224,2332,2662,2884,2977,2963],""all_points_y"":[969,832,646,617,581,674,710,818,911,1026,1148,1091,969,1055,1105,969]}","{""class"":""idly""}"
idly (23).jpg,32707,"{}",3,0,"{""name"":""ellipse"",""cx"":194,""cy"":191,""rx"":104,""ry"":93}","{""class"":""idly""}"
idly (23).jpg,32707,"{}",3,1,"{""name"":""polygon"",""all_points_x"":[77,56,37,21,9,14,30,45,69,87,105,91,98,105,131,159,202,188,177,127,107,77],""all_points_y"":[59,67,80,105,139,168,195,210,222,229,231,181,155,139,114,102,97,85,74,55,53,59]}","{""class"":""idly""}"
idly (23).jpg,32707,"{}",3,2,"{""name"":""polygon"",""all_points_x"":[66,46,29,15,9,13,32,48,86,95,122,120,151,175,195,201,200,190,156,128,104,76,66],""all_points_y"":[26,39,51,71,92,121,87,71,56,55,55,52,64,73,93,74,72,43,18,16,16,23,26]}","{""class"":""idly""}"
idly (24).jpg,139825,"{}",2,0,"{""name"":""ellipse"",""cx"":706,""cy"":551,""rx"":156,""ry"":156}","{""class"":""idly""}"
idly (24).jpg,139825,"{}",2,1,"{""name"":""polygon"",""all_points_x"":[875,920,962,996,1007,979,920,850,767,719,750,781,823,850,864,875],""all_points_y"":[594,580,552,503,427,378,337,323,347,389,406,413,451,503,569,594]}","{""class"":""idly""}"
idly (25).jpg,133832,"{}",1,0,"{""name"":""polygon"",""all_points_x"":[32,1090,986,14,14,32],""all_points_y"":[842,641,417,595,840,842]}","{""class"":""idly""}"
idly (26).jpg,87832,"{}",1,0,"{""name"":""polygon"",""all_points_x"":[158,210,237,275,314,347,399,446,483,514,584,532,456,430,391,375,331,332,300,273,243,204,154,143,141,158],""all_points_y"":[266,286,281,294,281,283,266,269,231,231,152,73,80,107,121,127,134,134,134,145,124,128,170,201,251,266]}","{""class"":""idly""}"
idly (27).jpg,162145,"{}",1,0,"{""name"":""polygon"",""all_points_x"":[556,410,372,372,469,324,251,310,445,599,712,882,992,1017,1206,1354,1351,1254,1060,912,858,688,534,556],""all_points_y"":[127,224,291,356,407,537,696,804,890,920,914,847,750,672,677,580,464,343,191,146,146,86,132,127]}","{""class"":""idly""}"
idly (28).jpg,35565,"{}",1,0,"{""name"":""polygon"",""all_points_x"":[208,37,39,101,299,376,395,292,208],""all_points_y"":[187,293,389,448,447,424,348,219,187]}","{""class"":""idly""}"
idly (29).jpg,88316,"{}",1,0,"{""name"":""polygon"",""all_points_x"":[434,273,172,199,256,345,545,643,712,714,740,683,608,484,484,434],""all_points_y"":[152,228,427,536,582,580,677,657,611,442,357,282,239,261,169,152]}","{""class"":""idly""}"
idly (30).jpg,45048,"{}",2,0,"{""name"":""polygon"",""all_points_x"":[304,248,207,163,149,149,163,183,216,232,281,325,325,353,369,371,372,372,372,360,343,333,320,304],""all_points_y"":[236,249,264,297,325,359,379,384,397,397,391,372,372,341,307,300,285,273,265,241,236,231,229,236]}","{""class"":""idly""}"
idly (30).jpg,45048,"{}",2,1,"{""name"":""polygon"",""all_points_x"":[319,393,477,508,513,500,464,437,437,421,412,395,379,369,369,375,372,371,356,336,332,321,321,309,308,319],""all_points_y"":[388,400,387,363,320,292,277,268,268,261,260,257,251,252,256,277,296,300,329,363,371,373,373,379,380,388]}","{""class"":""idly""}"
idly (31).jpg,47295,"{}",3,0,"{""name"":""polygon"",""all_points_x"":[489,362,265,182,172,215,300,379,457,503,489],""all_points_y"":[375,366,406,484,532,559,555,540,472,404,375]}","{""class"":""idly""}"
idly (31).jpg,47295,"{}",3,1,"{""name"":""polygon"",""all_points_x"":[540,503,464,420,377,385,418,495,580,648,704,724,698,644,540],""all_points_y"":[410,426,460,503,559,644,677,696,681,642,584,491,430,406,410]}","{""class"":""idly""}"
idly (31).jpg,47295,"{}",3,2,"{""name"":""polygon"",""all_points_x"":[704,753,809,859,921,962,987,952,915,838,768,696,724,704,664,704],""all_points_y"":[652,667,677,669,642,602,532,476,441,410,410,433,486,582,627,652]}","{""class"":""idly""}"
idly (32).JPG,61757,"{}",1,0,"{""name"":""ellipse"",""cx"":329,""cy"":278,""rx"":267,""ry"":124}","{""class"":""idly""}"
idly (33).jpg,210447,"{}",3,0,"{""name"":""polygon"",""all_points_x"":[372,390,415,435,435,463,474,489,496,498,499,521,544,542,538,521,496,468,442,418,388,374,357,344,333,330,327,341,355,372],""all_points_y"":[369,382,397,403,403,405,403,399,396,395,394,383,350,325,289,257,226,204,190,181,184,189,202,218,238,261,286,326,347,369]}","{""class"":""idly""}"
idly (33).jpg,210447,"{}",3,1,"{""name"":""polygon"",""all_points_x"":[329,295,272,249,241,237,241,253,259,280,300,320,339,328,327,337,357,381,404,408,401,385,365,341,329],""all_points_y"":[125,120,121,137,147,172,196,225,247,272,291,309,323,288,267,227,201,187,181,183,171,153,139,131,125]}","{""class"":""idly""}"
idly (33).jpg,210447,"{}",3,2,"{""name"":""polygon"",""all_points_x"":[310,288,264,248,223,204,196,172,145,125,99,93,96,105,120,144,166,198,236,241,248,258,270,292,310],""all_points_y"":[310,323,328,334,337,337,337,327,319,302,271,250,227,208,195,179,168,165,165,192,215,242,259,282,310]}","{""class"":""idly""}"
idly (34).jpg,57015,"{}",1,0,"{""name"":""ellipse"",""cx"":140,""cy"":202,""rx"":145,""ry"":93}","{""class"":""idly""}"
idly (35).jpg,585135,"{}",1,0,"{""name"":""rect"",""x"":151,""y"":706,""width"":1708,""height"":679}","{""class"":""idly""}"
idly (36).jpg,130852,"{}",1,0,"{""name"":""circle"",""cx"":245,""cy"":381,""r"":317}","{""class"":""idly""}"
idly (37).jpg,19905,"{}",1,0,"{""name"":""polygon"",""all_points_x"":[53,169,197,344,179,124,53],""all_points_y"":[44,12,68,308,311,227,44]}","{""class"":""idly""}"
idly (38).jpg,283580,"{}",2,0,"{""name"":""circle"",""cx"":512,""cy"":207,""r"":128}","{""class"":""idly""}"
idly (38).jpg,283580,"{}",2,1,"{""name"":""polygon"",""all_points_x"":[395,365,349,335,309,281,253,237,224,207,198,196,198,207,219,235,251,288,320,354,382,406,424,406,394,384,387,402,418,395],""all_points_y"":[104,92,88,84,86,92,108,125,140,166,195,222,255,278,298,308,323,341,346,344,336,320,298,279,253,216,185,143,120,104]}","{""class"":""idly""}"
idly (39).jpg,353682,"{}",1,0,"{""name"":""polygon"",""all_points_x"":[663,566,489,344,263,198,170,178,239,319,453,550,675,809,918,946,1031,1181,1298,1399,1553,1698,1771,1856,1965,2066,2143,2248,2268,2272,2232,2155,1993,1876,1771,1674,1617,1504,1399,1278,1177,1080,942,809,736,671,663],""all_points_y"":[942,926,922,946,1007,1080,1160,1249,1371,1444,1512,1528,1541,1520,1452,1375,1423,1431,1528,1589,1625,1573,1480,1537,1565,1561,1541,1468,1387,1282,1148,1043,950,922,918,962,995,934,898,894,833,784,756,784,829,906,942]}","{""class"":""idly""}"
idly (40).jpg,31701,"{}",1,0,"{""name"":""polygon"",""all_points_x"":[4,223,318,353,326,270,246,215,162,126,71,48,1,4],""all_points_y"":[176,263,262,216,172,149,152,126,125,103,111,93,90,176]}","{""class"":""idly""}"
idly (41).jpg,25610,"{}",1,0,"{""name"":""polygon"",""all_points_x"":[398,153,134,127,144,181,196,398,398],""all_points_y"":[91,187,218,261,286,300,301,203,91]}","{""class"":""idly""}"
idly (42).jpg,207592,"{}",1,0,"{""name"":""polygon"",""all_points_x"":[176,162,145,130,119,114,114,128,154,175,187,201,213,241,242,261,290,310,331,352,374,390,411,432,436,439,449,449,436,417,403,386,360,338,337,315,299,283,263,240,225,211,196,176],""all_points_y"":[172,175,197,215,255,284,322,351,370,358,356,375,377,366,358,369,360,337,338,326,296,297,286,250,228,198,186,155,138,119,118,108,120,140,146,151,166,169,184,173,186,200,176,172]}","{""class"":""idly""}"
idly (43).png,247149,"{}",1,0,"{""name"":""ellipse"",""cx"":284,""cy"":275,""rx"":240,""ry"":161}","{""class"":""idly""}"
idly (44).jpg,33227,"{}",1,0,"{""name"":""polygon"",""all_points_x"":[123,128,133,151,189,267,312,353,360,371,415,445,479,505,499,475,487,481,477,443,397,357,333,320,320,292,241,213,176,145,100,56,17,3,4,28,61,99,123],""all_points_y"":[243,272,295,321,339,353,347,317,271,285,308,316,308,253,220,169,157,129,101,72,48,52,61,84,91,76,80,88,119,101,97,108,136,159,211,237,245,249,243]}","{""class"":""idly""}"
vada (2).jpg,272661,"{}",5,0,"{""name"":""ellipse"",""cx"":363,""cy"":411,""rx"":202,""ry"":183}","{""class"":""vada""}"
vada (2).jpg,272661,"{}",5,1,"{""name"":""ellipse"",""cx"":550,""cy"":703,""rx"":216,""ry"":202}","{""class"":""vada""}"
vada (2).jpg,272661,"{}",5,2,"{""name"":""ellipse"",""cx"":939,""cy"":637,""rx"":212,""ry"":221}","{""class"":""vada""}"
vada (2).jpg,272661,"{}",5,3,"{""name"":""ellipse"",""cx"":576,""cy"":172,""rx"":212,""ry"":160}","{""class"":""vada""}"
vada (2).jpg,272661,"{}",5,4,"{""name"":""ellipse"",""cx"":953,""cy"":285,""rx"":207,""ry"":172}","{""class"":""vada""}"
vada (3).jpg,29463,"{}",2,0,"{""name"":""ellipse"",""cx"":180,""cy"":239,""rx"":73,""ry"":79}","{""class"":""vada""}"
vada (3).jpg,29463,"{}",2,1,"{""name"":""ellipse"",""cx"":329,""cy"":245,""rx"":75,""ry"":78}","{""class"":""vada""}"
vada (4).jpg,1378865,"{}",2,0,"{""name"":""ellipse"",""cx"":1015,""cy"":1180,""rx"":1009,""ry"":746}","{""class"":""vada""}"
vada (4).jpg,1378865,"{}",2,1,"{""name"":""polygon"",""all_points_x"":[1887,1843,1711,1711,1711,1697,1916,2077,2180,2209,2516,2765,2999,2999,2852,2706,1887],""all_points_y"":[15,176,249,366,439,527,892,1039,1068,1082,1214,1214,1141,161,117,0,15]}","{""class"":""vada""}"
vada (5).jpg,46309,"{}",3,0,"{""name"":""polygon"",""all_points_x"":[268,239,206,182,166,157,174,333,332,313,318,353,375,340,268],""all_points_y"":[143,151,163,187,219,262,311,350,337,286,243,202,181,158,143]}","{""class"":""vada""}"
vada (5).jpg,46309,"{}",3,1,"{""name"":""polygon"",""all_points_x"":[396,374,326,313,339,422,457,487,528,531,521,493,455,396],""all_points_y"":[162,179,228,284,349,367,367,356,309,255,226,196,161,162]}","{""class"":""vada""}"
vada (5).jpg,46309,"{}",3,2,"{""name"":""polygon"",""all_points_x"":[307,327,352,392,423,466,501,519,514,452,401,374,336,305,307],""all_points_y"":[137,106,83,67,61,76,115,152,215,159,159,180,155,151,137]}","{""class"":""vada""}"
vada (6).jpg,146549,"{}",1,0,"{""name"":""polygon"",""all_points_x"":[367,355,362,303,256,164,131,164,204,169,216,312,416,477,502,580,695,728,956,1003,1007,977,1043,1118,1069,986,782,759,758,690,641,644,589,535,367],""all_points_y"":[2,82,118,152,167,275,348,408,432,522,606,622,622,599,582,615,611,576,622,597,538,475,495,387,331,324,300,305,242,197,174,84,10,2,2]}","{""class"":""vada""}"
vada (7).jpg,6181358,"{}",1,0,"{""name"":""ellipse"",""cx"":1476,""cy"":1094,""rx"":1076,""ry"":822}","{""class"":""vada""}"
vada (8).jpg,57510,"{}",3,0,"{""name"":""ellipse"",""cx"":127,""cy"":186,""rx"":98,""ry"":97}","{""class"":""vada""}"
vada (8).jpg,57510,"{}",3,1,"{""name"":""ellipse"",""cx"":328,""cy"":234,""rx"":98,""ry"":84}","{""class"":""vada""}"
vada (8).jpg,57510,"{}",3,2,"{""name"":""ellipse"",""cx"":278,""cy"":82,""rx"":95,""ry"":75}","{""class"":""vada""}"
vada (9).jpg,143395,"{}",5,0,"{""name"":""ellipse"",""cx"":473,""cy"":399,""rx"":164,""ry"":190}","{""class"":""vada""}"
vada (9).jpg,143395,"{}",5,1,"{""name"":""ellipse"",""cx"":824,""cy"":416,""rx"":192,""ry"":127}","{""class"":""vada""}"
vada (9).jpg,143395,"{}",5,2,"{""name"":""ellipse"",""cx"":155,""cy"":444,""rx"":162,""ry"":148}","{""class"":""vada""}"
vada (9).jpg,143395,"{}",5,3,"{""name"":""ellipse"",""cx"":306,""cy"":175,""rx"":153,""ry"":118}","{""class"":""vada""}"
vada (9).jpg,143395,"{}",5,4,"{""name"":""ellipse"",""cx"":654,""cy"":172,""rx"":169,""ry"":104}","{""class"":""vada""}"
vada (10).jpg,125637,"{}",2,0,"{""name"":""ellipse"",""cx"":186,""cy"":346,""rx"":171,""ry"":155}","{""class"":""vada""}"
vada (10).jpg,125637,"{}",2,1,"{""name"":""ellipse"",""cx"":529,""cy"":323,""rx"":173,""ry"":147}","{""class"":""vada""}"
vada (11).jpg,132665,"{}",2,0,"{""name"":""ellipse"",""cx"":504,""cy"":491,""rx"":209,""ry"":183}","{""class"":""vada""}"
vada (11).jpg,132665,"{}",2,1,"{""name"":""ellipse"",""cx"":329,""cy"":237,""rx"":232,""ry"":157}","{""class"":""vada""}"
vada (12).jpg,90328,"{}",3,0,"{""name"":""ellipse"",""cx"":228,""cy"":271,""rx"":131,""ry"":120}","{""class"":""vada""}"
vada (12).jpg,90328,"{}",3,1,"{""name"":""polygon"",""all_points_x"":[82,69,83,112,144,188,221,272,313,319,317,276,224,175,130,105,105,99,82],""all_points_y"":[239,175,132,95,81,78,86,110,153,176,183,161,151,157,189,223,238,261,239]}","{""class"":""vada""}"
vada (12).jpg,90328,"{}",3,2,"{""name"":""polygon"",""all_points_x"":[171,115,85,79,109,143,192,254,290,282,267,235,193,171],""all_points_y"":[10,54,89,134,95,82,78,103,126,88,61,25,18,10]}","{""class"":""vada""}"
vada (13).jpg,783496,"{}",5,0,"{""name"":""polygon"",""all_points_x"":[1210,1047,903,702,796,890,1015,1573,1730,1793,1793,1793,1649,1479,1210],""all_points_y"":[1097,1178,1279,1398,1473,1586,1711,1711,1561,1467,1404,1197,1047,1059,1097]}","{""class"":""vada""}"
vada (13).jpg,783496,"{}",5,1,"{""name"":""polygon"",""all_points_x"":[1918,1855,1755,1705,1780,1906,2062,2263,2445,2489,2470,2413,2282,1918],""all_points_y"":[715,790,972,1103,1241,1329,1354,1354,1354,1135,928,834,702,715]}","{""class"":""vada""}"
vada (13).jpg,783496,"{}",5,2,"{""name"":""polygon"",""all_points_x"":[664,552,451,426,351,270,270,445,596,809,928,947,1066,878,765,664],""all_points_y"":[157,144,163,251,270,451,602,552,564,633,708,520,351,226,150,157]}","{""class"":""vada""}"
vada (13).jpg,783496,"{}",5,3,"{""name"":""polygon"",""all_points_x"":[1022,984,972,1003,1084,1260,1410,1536,1611,1630,1611,1586,1022],""all_points_y"":[6,75,176,288,364,301,288,301,313,182,94,19,6]}","{""class"":""vada""}"
vada (13).jpg,783496,"{}",5,4,"{""name"":""polygon"",""all_points_x"":[2050,2219,2269,2332,2363,2351,2269,1931,1893,1849,1736,1630,1724,1830,1993,2050],""all_points_y"":[56,81,125,219,382,533,702,708,596,489,382,301,188,88,88,56]}","{""class"":""vada""}"
vada (14).jpg,170316,"{}",5,0,"{""name"":""polygon"",""all_points_x"":[511,395,335,297,271,268,268,367,433,525,644,779,820,814,739,684,609,511],""all_points_y"":[410,465,502,528,644,724,784,843,921,929,921,836,750,672,511,453,413,410]}","{""class"":""vada""}"
vada (14).jpg,170316,"{}",5,1,"{""name"":""polygon"",""all_points_x"":[913,983,1022,1078,1139,1147,1169,1165,1113,1030,948,870,792,805,814,810,771,753,801,840,913],""all_points_y"":[996,987,978,965,931,913,840,775,701,632,606,597,623,658,706,749,818,861,918,965,996]}","{""class"":""vada""}"
vada (14).jpg,170316,"{}",5,2,"{""name"":""polygon"",""all_points_x"":[260,281,342,398,481,558,623,727,797,810,749,628,433,385,316,281,260],""all_points_y"":[931,1030,1087,1126,1156,1156,1156,1104,1022,926,861,926,922,861,818,848,931]}","{""class"":""vada""}"
vada (14).jpg,170316,"{}",5,3,"{""name"":""polygon"",""all_points_x"":[433,368,316,247,221,242,260,299,364,472,589,502,433],""all_points_y"":[359,377,420,481,537,623,658,528,485,420,403,372,359]}","{""class"":""vada""}"
vada (14).jpg,170316,"{}",5,4,"{""name"":""polygon"",""all_points_x"":[212,177,182,221,221,234,251,260,264,264,212],""all_points_y"":[762,680,589,507,550,615,654,693,758,814,762]}","{""class"":""vada""}"
vada (15).jpg,68672,"{}",3,0,"{""name"":""polygon"",""all_points_x"":[149,109,86,50,42,24,23,23,33,69,72,110,170,172,183,205,220,223,216,195,149],""all_points_y"":[293,293,293,318,342,382,401,430,460,493,510,516,499,478,448,416,397,374,335,305,293]}","{""class"":""vada""}"
vada (15).jpg,68672,"{}",3,1,"{""name"":""polygon"",""all_points_x"":[311,347,365,380,394,386,386,362,339,320,270,232,208,192,179,172,173,179,196,214,238,267,311],""all_points_y"":[563,555,544,528,498,472,439,422,395,380,379,391,403,422,449,466,486,513,538,561,569,569,563]}","{""class"":""vada""}"
vada (15).jpg,68672,"{}",3,2,"{""name"":""polygon"",""all_points_x"":[385,421,425,428,412,364,312,287,244,217,213,210,240,258,305,335,357,385],""all_points_y"":[391,353,328,294,262,240,231,229,244,267,294,321,357,385,382,389,398,391]}","{""class"":""vada""}"
vada (16).jpg,97491,"{}",1,0,"{""name"":""rect"",""x"":129,""y"":337,""width"":549,""height"":586}","{""class"":""vada""}"
vada (17).jpg,453533,"{}",3,0,"{""name"":""polygon"",""all_points_x"":[303,253,216,201,216,272,351,425,451,460,429,401,357,303],""all_points_y"":[556,584,621,674,752,798,820,787,748,689,619,580,565,556]}","{""class"":""vada""}"
vada (17).jpg,453533,"{}",3,1,"{""name"":""polygon"",""all_points_x"":[131,102,96,113,142,194,207,240,303,334,310,272,216,131],""all_points_y"":[477,517,567,615,650,678,643,591,556,556,501,473,456,477]}","{""class"":""vada""}"
vada (17).jpg,453533,"{}",3,2,"{""name"":""polygon"",""all_points_x"":[59,26,20,15,24,78,96,107,135,181,227,246,220,179,135,76,59],""all_points_y"":[405,438,462,482,508,556,560,512,475,466,458,458,416,390,390,399,405]}","{""class"":""vada""}"
vada (18).jpg,1534707,"{}",1,0,"{""name"":""ellipse"",""cx"":2447,""cy"":1274,""rx"":1048,""ry"":1016}","{""class"":""vada""}"
vada (19).jpg,23027,"{}",3,0,"{""name"":""polygon"",""all_points_x"":[259,205,130,98,66,63,63,102,147,178,261,349,432,479,491,478,456,405,322,259],""all_points_y"":[288,303,337,346,415,464,496,573,610,642,647,661,620,557,490,442,395,351,305,288]}","{""class"":""vada""}"
vada (19).jpg,23027,"{}",3,1,"{""name"":""polygon"",""all_points_x"":[171,124,102,93,66,53,53,51,76,83,97,136,215,261,312,357,393,430,420,401,374,312,247,171],""all_points_y"":[129,164,188,202,215,230,268,312,354,369,346,337,300,286,302,327,347,371,298,246,193,151,129,129]}","{""class"":""vada""}"
vada (19).jpg,23027,"{}",3,2,"{""name"":""polygon"",""all_points_x"":[69,24,0,2,64,86,51,44,49,98,115,69],""all_points_y"":[169,174,174,422,429,369,308,293,229,195,169,169]}","{""class"":""vada""}"
vada (20).jpg,91121,"{}",3,0,"{""name"":""polygon"",""all_points_x"":[274,315,357,401,429,438,438,431,414,414,363,337,300,260,243,225,225,252,274],""all_points_y"":[707,724,731,731,716,683,657,635,613,593,573,573,567,600,628,663,678,711,707]}","{""class"":""vada""}"
vada (20).jpg,91121,"{}",3,1,"{""name"":""polygon"",""all_points_x"":[473,519,545,584,619,643,624,604,562,569,543,490,473,444,444,453,473],""all_points_y"":[731,731,731,731,692,648,630,626,595,576,578,571,584,615,654,687,731]}","{""class"":""vada""}"
vada (20).jpg,91121,"{}",3,2,"{""name"":""polygon"",""all_points_x"":[352,315,306,243,188,179,179,239,295,295,315,366,403,422,440,462,503,534,573,595,619,619,593,565,582,580,538,512,468,460,414,352],""all_points_y"":[70,96,120,109,140,173,214,239,258,298,335,333,330,368,383,427,414,436,436,407,385,355,322,306,300,169,166,171,134,88,66,70]}","{""class"":""vada""}"
vada (21).jpg,80557,"{}",1,0,"{""name"":""ellipse"",""cx"":392,""cy"":470,""rx"":228,""ry"":193}","{""class"":""vada""}"
vada (22).jpg,153435,"{}",4,0,"{""name"":""polygon"",""all_points_x"":[397,360,327,314,336,355,443,512,530,523,480,423,397],""all_points_y"":[277,292,325,360,408,368,340,355,377,329,290,275,277]}","{""class"":""vada""}"
vada (22).jpg,153435,"{}",4,1,"{""name"":""polygon"",""all_points_x"":[353,399,432,484,534,508,447,408,355,340,353],""all_points_y"":[480,447,425,425,432,360,347,349,381,416,480]}","{""class"":""vada""}"
vada (22).jpg,153435,"{}",4,2,"{""name"":""polygon"",""all_points_x"":[371,397,429,480,523,560,551,541,508,471,429,399,371,353,360,371],""all_points_y"":[565,541,521,506,512,532,484,445,425,427,427,447,469,501,538,565]}","{""class"":""vada""}"
vada (22).jpg,153435,"{}",4,3,"{""name"":""polygon"",""all_points_x"":[395,436,473,484,532,578,578,549,495,436,384,375,375,395],""all_points_y"":[647,676,678,678,656,608,562,528,510,525,551,578,615,647]}","{""class"":""vada""}"
vada (23).jpg,150316,"{}",3,0,"{""name"":""polygon"",""all_points_x"":[698,622,580,535,509,503,503,529,561,608,641,716,794,860,949,977,1003,1026,1022,980,928,862,731,698],""all_points_y"":[120,139,172,219,268,310,369,420,475,491,542,601,613,611,587,571,517,463,369,273,226,172,129,120]}","{""class"":""vada""}"
vada (23).jpg,150316,"{}",3,1,"{""name"":""polygon"",""all_points_x"":[451,366,282,247,218,216,228,266,300,334,340,381,427,453,481,531,531,507,503,507,545,590,616,522,451],""all_points_y"":[61,66,108,139,183,266,334,392,418,416,432,442,425,418,427,439,425,371,305,256,204,164,141,82,61]}","{""class"":""vada""}"
vada (23).jpg,150316,"{}",3,2,"{""name"":""polygon"",""all_points_x"":[355,293,106,49,12,0,7,71,118,174,253,261,223,214,216,237,275,317,385,355],""all_points_y"":[31,2,2,47,91,117,277,373,402,423,406,394,329,263,186,150,111,92,66,31]}","{""class"":""vada""}"
vada (24).JPG,135884,"{}",3,0,"{""name"":""polygon"",""all_points_x"":[826,770,735,717,730,732,737,743,771,808,867,959,1102,1158,1252,1317,1330,1328,1241,1167,1106,1041,995,939,876,826],""all_points_y"":[121,148,184,238,311,374,425,435,479,520,566,634,647,643,596,549,515,302,229,190,175,177,157,139,126,121]}","{""class"":""vada""}"
vada (24).JPG,135884,"{}",3,1,"{""name"":""polygon"",""all_points_x"":[396,531,604,618,618,523,425,279,100,38,8,8,111,263,396],""all_points_y"":[667,623,547,404,309,165,106,100,138,206,244,520,629,664,667]}","{""class"":""vada""}"
vada (24).JPG,135884,"{}",3,2,"{""name"":""polygon"",""all_points_x"":[480,564,672,759,764,718,729,734,734,631,623,561,496,428,480],""all_points_y"":[87,73,98,130,144,214,279,382,423,434,306,220,149,108,87]}","{""class"":""vada""}"
vada (25).jpg,207614,"{}",1,0,"{""name"":""polygon"",""all_points_x"":[1492,35,318,1592,1588,1492],""all_points_y"":[294,1302,1666,748,298,294]}","{""class"":""vada""}"
vada (26).jpg,90754,"{}",1,0,"{""name"":""ellipse"",""cx"":249,""cy"":359,""rx"":239,""ry"":181}","{""class"":""vada""}"
vada (27).jpg,26291,"{}",2,0,"{""name"":""polygon"",""all_points_x"":[471,423,381,343,320,295,293,293,318,335,362,398,455,495,536,549,540,514,471],""all_points_y"":[116,124,138,153,173,201,232,247,275,287,301,315,309,291,241,207,176,139,116]}","{""class"":""vada""}"
vada (27).jpg,26291,"{}",2,1,"{""name"":""polygon"",""all_points_x"":[465,498,519,552,586,612,612,585,558,511,505,535,548,540,514,471,453,465],""all_points_y"":[110,101,101,115,140,166,196,235,249,282,279,242,206,172,139,116,117,110]}","{""class"":""vada""}"
vada (28).jpg,56844,"{}",3,0,"{""name"":""polygon"",""all_points_x"":[273,248,217,173,169,166,169,202,235,295,333,378,401,393,366,278,273],""all_points_y"":[374,371,389,416,437,468,509,541,556,577,571,532,478,431,399,364,374]}","{""class"":""vada""}"
vada (28).jpg,56844,"{}",3,1,"{""name"":""polygon"",""all_points_x"":[188,158,141,105,77,67,70,90,118,161,164,185,243,266,254,226,188],""all_points_y"":[308,314,311,325,354,371,409,437,465,477,427,405,369,369,337,313,308]}","{""class"":""vada""}"
vada (28).jpg,56844,"{}",3,2,"{""name"":""polygon"",""all_points_x"":[328,374,407,436,456,439,402,364,305,264,252,275,307,328],""all_points_y"":[302,302,316,330,366,416,451,398,377,366,334,314,310,302]}","{""class"":""vada""}"
vada (29).jpg,33645,"{}",1,0,"{""name"":""polygon"",""all_points_x"":[203,165,137,121,100,74,76,77,49,28,17,39,55,105,125,144,158,184,220,243,262,323,349,358,356,373,385,360,331,328,317,283,244,235,203],""all_points_y"":[108,118,133,162,167,179,200,206,212,231,261,280,294,279,267,300,317,321,313,303,331,333,330,296,282,276,251,209,178,147,135,127,127,133,108]}","{""class"":""vada""}"
vada (30).jpg,48693,"{}",2,0,"{""name"":""polygon"",""all_points_x"":[487,361,311,272,253,264,309,359,413,504,551,580,592,576,536,487],""all_points_y"":[171,203,228,287,335,376,428,463,471,467,425,377,319,255,203,171]}","{""class"":""vada""}"
vada (30).jpg,48693,"{}",2,1,"{""name"":""polygon"",""all_points_x"":[331,323,293,256,212,165,113,80,61,75,99,136,215,275,309,332,331],""all_points_y"":[125,181,223,283,305,305,285,255,220,164,123,65,39,36,52,81,125]}","{""class"":""vada""}"
vada (31).jpg,100426,"{}",4,0,"{""name"":""polygon"",""all_points_x"":[132,2,314,522,132],""all_points_y"":[411,510,921,829,411]}","{""class"":""vada""}"
vada (31).jpg,100426,"{}",4,1,"{""name"":""polygon"",""all_points_x"":[250,142,196,300,352,250],""all_points_y"":[187,257,371,347,283,187]}","{""class"":""vada""}"
vada (31).jpg,100426,"{}",4,2,"{""name"":""polygon"",""all_points_x"":[243,156,175,239,302,326,286,243],""all_points_y"":[52,94,184,208,198,137,78,52]}","{""class"":""vada""}"
vada (31).jpg,100426,"{}",4,3,"{""name"":""polygon"",""all_points_x"":[80,38,2,28,71,125,175,168,123,80],""all_points_y"":[109,158,217,274,279,281,229,163,106,109]}","{""class"":""vada""}"
vada (32).jpg,36670,"{}",1,0,"{""name"":""polygon"",""all_points_x"":[12,45,95,109,146,140,206,244,288,324,361,361,343,294,293,243,228,175,141,108,36,12],""all_points_y"":[70,110,130,161,171,231,270,350,354,348,314,268,226,198,145,108,67,37,11,1,6,70]}","{""class"":""vada""}"
vada (33).jpg,43668,"{}",1,0,"{""name"":""ellipse"",""cx"":372,""cy"":254,""rx"":105,""ry"":83}","{""class"":""vada""}"
vada (34).jpg,50676,"{}",6,0,"{""name"":""polygon"",""all_points_x"":[244,224,195,171,143,132,128,143,173,229,280,329,360,377,355,303,244],""all_points_y"":[116,123,129,159,184,212,265,303,320,325,325,291,249,187,139,113,116]}","{""class"":""vada""}"
vada (34).jpg,50676,"{}",6,1,"{""name"":""polygon"",""all_points_x"":[449,495,537,559,561,531,501,441,415,359,344,317,311,317,337,359,405,449],""all_points_y"":[399,388,365,340,295,257,247,225,223,239,271,300,323,344,376,397,401,399]}","{""class"":""vada""}"
vada (34).jpg,50676,"{}",6,2,"{""name"":""polygon"",""all_points_x"":[535,500,453,431,431,453,469,483,529,583,637,639,613,579,535],""all_points_y"":[89,92,100,120,151,191,216,237,249,264,288,165,137,116,89]}","{""class"":""vada""}"
vada (34).jpg,50676,"{}",6,3,"{""name"":""polygon"",""all_points_x"":[177,148,120,109,95,96,123,143,171,197,243,300,305,276,231,177],""all_points_y"":[84,92,105,123,139,161,181,185,159,125,117,113,96,87,81,84]}","{""class"":""vada""}"
vada (34).jpg,50676,"{}",6,4,"{""name"":""polygon"",""all_points_x"":[392,361,320,303,301,340,360,373,375,393,417,456,481,431,427,451,469,392],""all_points_y"":[73,77,89,99,117,128,148,188,211,217,227,228,232,148,123,101,96,73]}","{""class"":""vada""}"
vada (34).jpg,50676,"{}",6,5,"{""name"":""polygon"",""all_points_x"":[103,141,175,188,188,156,127,95,76,71,61,1,3,19,52,103],""all_points_y"":[289,312,339,368,388,395,413,419,401,411,428,429,347,325,296,289]}","{""class"":""vada""}"
vada (35).jpg,102035,"{}",3,0,"{""name"":""polygon"",""all_points_x"":[377,351,342,318,312,312,329,357,390,434,480,519,530,545,545,510,458,405,377],""all_points_y"":[512,530,541,573,617,650,682,708,715,737,717,669,680,641,599,547,530,517,512]}","{""class"":""vada""}"
vada (35).jpg,102035,"{}",3,1,"{""name"":""polygon"",""all_points_x"":[216,194,153,126,116,102,102,113,135,170,207,253,292,307,312,318,286,251,216],""all_points_y"":[449,451,462,473,510,528,567,617,647,678,682,680,654,582,554,512,473,453,449]}","{""class"":""vada""}"
vada (35).jpg,102035,"{}",3,2,"{""name"":""polygon"",""all_points_x"":[347,327,299,281,312,320,327,355,386,484,497,512,506,506,493,469,466,456,440,440,405,399,395,390,381,371,364,347],""all_points_y"":[423,429,451,464,504,541,554,528,506,536,525,497,488,458,438,429,419,432,432,432,416,412,412,416,425,425,423,423]}","{""class"":""vada""}"
vada (36).jpg,108961,"{}",4,0,"{""name"":""polygon"",""all_points_x"":[97,126,148,167,191,216,222,218,196,159,133,109,85,65,22,13,0,3,21,31,63,90,97],""all_points_y"":[237,226,216,201,174,146,112,86,61,49,56,66,83,92,130,155,174,223,233,245,249,242,237]}","{""class"":""vada""}"
vada (36).jpg,108961,"{}",4,1,"{""name"":""polygon"",""all_points_x"":[172,172,184,214,249,283,318,342,357,348,328,312,294,250,228,214,220,222,220,213,184,171,172],""all_points_y"":[213,220,234,244,233,224,203,174,130,99,77,63,63,67,72,80,89,99,125,147,181,197,213]}","{""class"":""vada""}"
vada (36).jpg,108961,"{}",4,2,"{""name"":""polygon"",""all_points_x"":[354,389,411,459,465,478,483,470,460,429,402,377,344,329,348,356,347,334,319,354],""all_points_y"":[222,207,213,177,151,130,97,79,57,45,50,53,68,81,98,133,158,182,202,222]}","{""class"":""vada""}"
vada (36).jpg,108961,"{}",4,3,"{""name"":""polygon"",""all_points_x"":[471,493,513,542,548,549,537,513,491,475,482,480,470,463,460,434,446,471],""all_points_y"":[211,211,208,201,200,85,84,84,84,84,100,120,142,155,171,195,203,211]}","{""class"":""vada""}"
vada (37).jpg,366510,"{}",1,0,"{""name"":""ellipse"",""cx"":934,""cy"":701,""rx"":970,""ry"":706}","{""class"":""vada""}"
vada (38).jpg,100004,"{}",4,0,"{""name"":""polygon"",""all_points_x"":[531,483,436,407,390,392,392,401,449,491,548,569,651,716,751,758,734,688,590,531],""all_points_y"":[336,344,361,399,415,476,531,592,632,676,699,709,709,699,625,554,466,395,353,336]}","{""class"":""vada""}"
vada (38).jpg,100004,"{}",4,1,"{""name"":""polygon"",""all_points_x"":[361,315,267,262,283,323,384,439,508,590,646,638,585,523,447,361],""all_points_y"":[313,298,248,206,151,138,124,126,151,193,246,311,346,338,334,313]}","{""class"":""vada""}"
vada (38).jpg,100004,"{}",4,2,"{""name"":""polygon"",""all_points_x"":[290,260,225,189,159,176,222,300,374,445,395,388,386,392,420,502,413,363,304,290],""all_points_y"":[290,325,342,388,430,508,552,602,627,632,588,518,472,405,376,338,329,306,290,290]}","{""class"":""vada""}"
vada (38).jpg,100004,"{}",4,3,"{""name"":""polygon"",""all_points_x"":[201,159,99,63,57,55,86,145,212,260,195,174,170,191,231,267,296,201],""all_points_y"":[302,323,374,426,464,506,554,596,594,575,531,495,424,376,338,319,283,302]}","{""class"":""vada""}"
vada (39).jpg,90757,"{}",2,0,"{""name"":""polygon"",""all_points_x"":[234,188,132,101,101,105,117,135,177,222,290,326,344,334,305,234],""all_points_y"":[231,232,254,283,307,344,382,401,402,418,408,383,336,291,256,231]}","{""class"":""vada""}"
vada (39).jpg,90757,"{}",2,1,"{""name"":""polygon"",""all_points_x"":[435,396,363,356,360,395,477,532,567,604,592,607,565,493,435],""all_points_y"":[231,240,273,304,347,389,421,415,384,352,327,284,253,235,231]}","{""class"":""vada""}"